,index,batch,lr,train_loss,train_acc,train_mean_iou,val_loss,val_acc,val_mean_iou,test_loss,test_acc,test_mean_iou
0,0,4,0.01,0.23092226684093475,0.9023879170417786,0.774418830871582,0.23512525856494904,0.9064405560493469,0.7889787554740906,0.26124945282936096,0.8914383053779602,0.7638828158378601
1,1,4,0.05,0.4553423225879669,0.8491180539131165,0.6649032235145569,0.377729594707489,0.8667295575141907,0.7111794948577881,0.4111826419830322,0.8626797795295715,0.6995716094970703
