,index,batch,lr,train_loss,train_acc,train_mean_iou,val_loss,val_acc,val_mean_iou,test_loss,test_acc,test_mean_iou
0,40,20,0.01,0.28455057740211487,0.8852383494377136,0.747539222240448,0.2781992256641388,0.8921080827713013,0.7603563666343689,0.2926172912120819,0.8841613531112671,0.747728168964386
