,index,batch,lr,train_loss,train_acc,train_mean_iou,val_loss,val_acc,val_mean_iou,test_loss,test_acc,test_mean_iou
0,40,20,0.01,0.28455057740211487,0.8852383494377136,0.747539222240448,0.2781992256641388,0.8921080827713013,0.7603563666343689,0.2926172912120819,0.8841613531112671,0.747728168964386
1,41,20,0.05,5.446483612060547,0.7116111516952515,0.49966520071029663,2.8311514854431152,0.7888590693473816,0.591238260269165,3.2814033031463623,0.8057494163513184,0.6129698753356934
