,index,batch,lr,train_loss,train_acc,train_mean_iou,val_loss,val_acc,val_mean_iou,test_loss,test_acc,test_mean_iou
0,40,20,0.01,0.28455057740211487,0.8852383494377136,0.747539222240448,0.2781992256641388,0.8921080827713013,0.7603563666343689,0.2926172912120819,0.8841613531112671,0.747728168964386
1,41,20,0.05,5.446483612060547,0.7116111516952515,0.49966520071029663,2.8311514854431152,0.7888590693473816,0.591238260269165,3.2814033031463623,0.8057494163513184,0.6129698753356934
2,42,20,0.001,0.1529393345117569,0.9364588856697083,0.8434277772903442,0.3200821876525879,0.8851144909858704,0.7438753247261047,0.30727246403694153,0.888340175151825,0.7428043484687805
3,43,20,0.005,0.23087362945079803,0.9050057530403137,0.780515193939209,0.2527462840080261,0.9020283818244934,0.7791374325752258,0.27303990721702576,0.8960605263710022,0.7685163021087646
4,44,20,0.0001,0.1868058145046234,0.9244980812072754,0.8171182870864868,0.2642897665500641,0.8979977965354919,0.7705271244049072,0.2693786919116974,0.8992083072662354,0.7705540060997009
5,45,20,0.0005,0.15735934674739838,0.9336989521980286,0.8389192223548889,0.2850145399570465,0.8972041010856628,0.7701342701911926,0.27477216720581055,0.9011864066123962,0.7718847393989563
