,index,batch,lr,train_loss,train_acc,train_mean_iou,val_loss,val_acc,val_mean_iou,test_loss,test_acc,test_mean_iou
0,0,4,0.01,0.23092226684093475,0.9023879170417786,0.774418830871582,0.23512525856494904,0.9064405560493469,0.7889787554740906,0.26124945282936096,0.8914383053779602,0.7638828158378601
1,1,4,0.05,0.4553423225879669,0.8491180539131165,0.6649032235145569,0.377729594707489,0.8667295575141907,0.7111794948577881,0.4111826419830322,0.8626797795295715,0.6995716094970703
2,2,4,0.001,0.15484663844108582,0.9357913136482239,0.8430884480476379,0.22302861511707306,0.9094179272651672,0.7965211272239685,0.23700450360774994,0.9042587280273438,0.7894325852394104
3,3,4,0.005,0.21543194353580475,0.9131132364273071,0.793864905834198,0.25177818536758423,0.9079387784004211,0.7917947173118591,0.2604338824748993,0.899334728717804,0.7711625695228577
4,4,4,0.0001,0.16116958856582642,0.9345605969429016,0.8407931327819824,0.23671703040599823,0.9064839482307434,0.7895410656929016,0.2790096402168274,0.8976240754127502,0.7726637721061707
